City_ID,City,Country,Lat,Lng,Max Temp,Humidity,Cloudiness,Wind Speed,Current Description
0,Busselton,AU,-33.65,115.3333,53.1,75,0,8.39,clear sky
1,Ushuaia,AR,-54.8,-68.3,33.46,93,75,23.02,light snow
2,Butaritari,KI,3.0707,172.7902,80.4,72,98,7.92,overcast clouds
3,Dikson,RU,73.5069,80.5464,21.79,93,92,5.75,overcast clouds
4,Nemuro,JP,43.3236,145.575,50.81,97,69,13.91,broken clouds
5,Avarua,CK,-21.2078,-159.775,82.45,74,38,10.36,scattered clouds
6,Bambous Virieux,MU,-20.3428,57.7575,70.21,94,20,6.91,few clouds
7,Lebu,CL,-37.6167,-73.65,46.31,74,42,16.44,scattered clouds
8,Thompson,CA,55.7435,-97.8558,39.36,100,100,11.5,overcast clouds
9,Vila Velha,BR,-20.3297,-40.2925,71.94,79,29,0.94,scattered clouds
10,Tessalit,ML,20.1986,1.0114,94.37,17,100,7.67,overcast clouds
11,San Andres,CO,12.5847,-81.7006,81.77,81,100,15.1,overcast clouds
12,Manturovo,RU,58.3353,44.7619,38.3,96,21,5.21,few clouds
13,Olinda,BR,-8.0089,-34.8553,77.14,83,44,16.28,scattered clouds
14,Port Alfred,ZA,-33.5906,26.891,56.17,95,32,1.99,scattered clouds
15,Ponta Do Sol,PT,32.6667,-17.1,67.71,75,73,2.13,broken clouds
16,Minab,IR,27.1467,57.0801,85.68,48,0,5.84,clear sky
17,Pisco,PE,-13.7,-76.2167,66.02,80,9,5.3,clear sky
18,Ayagoz,KZ,47.9714,80.4392,63.21,61,75,5.73,broken clouds
19,Bella Union,UY,-30.2752,-57.6007,59.09,97,100,9.08,heavy intensity rain
20,Zirgan,RU,53.2222,55.9185,43.95,77,75,3.33,broken clouds
21,Lianzhou,CN,24.7811,112.3825,72.25,99,100,1.57,overcast clouds
22,Laguna,US,38.421,-121.4238,86.14,42,0,21.85,clear sky
23,Souillac,MU,-20.5167,57.5167,66.58,94,20,6.91,few clouds
24,Bobrov,RU,51.0961,40.0333,50.61,93,72,17.22,broken clouds
25,Manakara,MG,-22.1333,48.0167,69.12,95,12,4.65,few clouds
26,Rikitea,PF,-23.1203,-134.9692,77.25,74,23,17.13,few clouds
27,Ketchikan,US,55.3422,-131.6461,55.42,60,100,3.98,overcast clouds
28,Kapaa,US,22.0752,-159.319,80.47,62,25,4.0,scattered clouds
29,Hasaki,JP,35.7333,140.8333,70.29,85,100,25.21,overcast clouds
30,Saint-Joseph,RE,-21.3667,55.6167,70.18,76,4,1.59,clear sky
31,Nishihara,JP,26.1842,127.7558,69.85,100,100,9.22,moderate rain
32,Punta Arenas,CL,-53.15,-70.9167,41.11,65,90,22.17,light rain
33,Faro,PT,37.0194,-7.9322,71.38,49,0,6.91,clear sky
34,Puerto Ayora,EC,-0.7393,-90.3518,80.56,83,88,7.0,overcast clouds
35,Clyde River,CA,70.4692,-68.5914,18.81,73,88,8.93,overcast clouds
36,Qaanaaq,GL,77.484,-69.3632,31.05,71,4,1.45,clear sky
37,Peskovka,RU,59.0448,52.3606,41.32,91,75,8.72,broken clouds
38,Bredasdorp,ZA,-34.5322,20.0403,52.92,90,19,3.83,few clouds
39,Mount Isa,AU,-20.7333,139.5,58.77,63,0,6.91,clear sky
40,Srednekolymsk,RU,67.45,153.6833,38.1,58,100,17.78,overcast clouds
41,Birobidzhan,RU,48.8,132.95,57.97,87,79,6.58,broken clouds
42,Acarau,BR,-2.8856,-40.12,77.56,86,6,9.98,clear sky
43,Luderitz,NA,-26.6481,15.1594,57.33,80,0,4.32,clear sky
44,Jamestown,US,42.097,-79.2353,75.06,71,100,14.97,overcast clouds
45,Cidreira,BR,-30.1811,-50.2056,63.64,95,100,1.61,moderate rain
46,College,US,64.8569,-147.8028,68.58,39,100,7.0,overcast clouds
47,Karanja,IN,20.4833,77.4833,87.62,36,41,13.33,scattered clouds
48,Khatanga,RU,71.9667,102.5,30.13,73,66,6.11,broken clouds
49,Tasiilaq,GL,65.6145,-37.6368,37.56,69,91,3.53,overcast clouds
50,Bonavista,CA,48.6499,-53.1147,38.95,67,8,14.63,clear sky
51,Saint-Pierre,RE,-21.3393,55.4781,71.28,64,0,9.22,clear sky
52,Iberia,US,29.9502,-91.7507,90.05,41,0,6.69,clear sky
53,Tuktoyaktuk,CA,69.4541,-133.0374,35.26,93,100,9.53,overcast clouds
54,Longyearbyen,SJ,78.2186,15.6401,37.6,85,66,5.12,broken clouds
55,Bilma,NE,18.6853,12.9164,90.18,9,0,7.29,clear sky
56,Kantunilkin,MX,21.0917,-87.45,85.08,62,100,7.61,overcast clouds
57,Atuona,PF,-9.8,-139.0333,78.15,79,10,17.07,clear sky
58,Hobyo,SO,5.3505,48.5268,79.38,83,93,27.22,overcast clouds
59,Cap-Aux-Meules,CA,47.3821,-61.8597,47.19,83,99,11.07,light rain
60,Newport,GB,51.5877,-2.9984,58.44,93,100,11.88,overcast clouds
61,Cape Town,ZA,-33.9258,18.4232,59.92,87,0,8.05,clear sky
62,Quimper,FR,48.0,-4.1,57.78,77,100,3.44,overcast clouds
63,Bull Savanna,JM,17.8868,-77.5902,81.1,67,77,15.88,broken clouds
64,East London,ZA,-33.0153,27.9116,60.53,84,90,4.5,overcast clouds
65,Matara,LK,5.9485,80.5353,77.74,89,84,10.2,broken clouds
66,Grand Gaube,MU,-20.0064,57.6608,70.38,76,0,3.0,clear sky
67,Keti Bandar,PK,24.1447,67.4497,82.06,87,11,19.35,few clouds
68,Puerto Quijarro,BO,-17.7833,-57.7667,78.4,54,100,2.37,overcast clouds
69,Erdenet,MN,49.0333,104.0833,49.41,82,100,6.38,overcast clouds
70,Port Elizabeth,ZA,-33.918,25.5701,55.09,99,25,1.99,scattered clouds
71,Namatanai,PG,-3.6667,152.4333,81.23,76,100,4.07,overcast clouds
72,Tonkino,RU,57.3726,46.4629,39.45,96,75,6.29,broken clouds
73,Vaini,TO,-21.2,-175.2,77.23,84,100,12.15,light rain
74,Yellowknife,CA,62.456,-114.3525,59.56,36,40,16.11,scattered clouds
75,Hilo,US,19.7297,-155.09,80.26,75,60,4.0,broken clouds
76,Barrow,US,71.2906,-156.7887,33.82,93,100,11.5,mist
77,Norman Wells,CA,65.282,-126.8329,57.24,51,75,14.97,shower rain
78,Bathsheba,BB,13.2167,-59.5167,79.88,76,100,13.6,overcast clouds
79,Albany,US,42.6001,-73.9662,73.72,57,95,10.56,overcast clouds
80,Nehe,CN,48.4833,124.8333,61.57,61,15,5.88,few clouds
81,Vestmannaeyjar,IS,63.4427,-20.2734,49.57,69,13,12.12,few clouds
82,Chokurdakh,RU,70.6333,147.9167,27.19,69,13,6.51,few clouds
83,Mar Del Plata,AR,-38.0023,-57.5575,52.09,61,100,1.01,overcast clouds
84,Acapulco,MX,16.8634,-99.8901,85.66,69,91,8.08,overcast clouds
85,Kavieng,PG,-2.5744,150.7967,82.08,67,91,5.17,overcast clouds
86,Vicuna,CL,-30.0319,-70.7081,62.87,47,70,1.3,broken clouds
87,Menongue,AO,-14.6585,17.691,53.87,45,0,3.31,clear sky
88,Klaksvik,FO,62.2266,-6.589,45.52,77,13,11.12,few clouds
89,Torbay,CA,47.6666,-52.7314,40.75,70,11,11.99,few clouds
90,Iqaluit,CA,63.7506,-68.5145,22.73,67,100,6.91,overcast clouds
91,Geraldton,AU,-28.7667,114.6,55.81,82,14,11.5,few clouds
92,Praia Da Vitoria,PT,38.7333,-27.0667,63.75,86,73,10.51,broken clouds
93,Carnarvon,AU,-24.8667,113.6333,70.23,64,100,6.2,overcast clouds
94,Vanimo,PG,-2.6741,141.3028,79.32,81,90,0.11,overcast clouds
95,Nikolskoye,RU,59.7035,30.7861,51.87,99,100,2.48,light rain
96,New Norfolk,AU,-42.7826,147.0587,52.72,79,63,1.01,broken clouds
97,Broome,US,42.2506,-75.833,73.85,67,20,18.41,few clouds
98,San Patricio,US,28.017,-97.5169,95.72,42,0,15.7,clear sky
99,Sitka,US,57.0531,-135.33,58.89,58,40,6.91,scattered clouds
100,Saint-Philippe,RE,-21.3585,55.7679,71.19,77,8,1.25,clear sky
101,Hithadhoo,MV,-0.6,73.0833,83.37,70,5,12.19,clear sky
102,Mataura,NZ,-46.1927,168.8643,36.48,83,2,1.61,clear sky
103,Chifeng,CN,42.2683,118.9636,60.21,36,0,7.2,clear sky
104,Vazante,BR,-17.9869,-46.9078,66.4,60,80,2.68,broken clouds
105,Foshan,CN,23.0268,113.1315,81.95,87,100,2.46,overcast clouds
106,Biltine,TD,14.5333,20.9167,84.88,9,99,9.31,overcast clouds
107,Neyvo-Rudyanka,RU,57.3444,60.1343,44.49,75,100,6.58,overcast clouds
108,Omboue,GA,-1.5746,9.2618,75.18,86,100,3.89,overcast clouds
109,Hermanus,ZA,-34.4187,19.2345,55.8,86,24,9.42,few clouds
110,Sao Filipe,CV,14.8961,-24.4956,72.81,80,37,5.1,scattered clouds
111,Wagar,SD,16.1525,36.2032,90.7,15,0,8.57,clear sky
112,Joensuu,FI,62.6012,29.7632,41.49,93,0,3.44,clear sky
113,Hirara,JP,24.8,125.2833,77.27,100,75,9.22,broken clouds
114,Bluff,NZ,-46.6,168.3333,36.81,84,5,7.61,clear sky
115,Airai,TL,-8.9266,125.4092,57.04,92,97,3.38,overcast clouds
116,Egvekinot,RU,66.3167,-179.1667,36.39,77,98,3.89,overcast clouds
117,Fairbanks,US,64.8378,-147.7164,68.59,37,75,18.41,broken clouds
118,Luoyang,CN,34.6836,112.4536,70.61,39,100,2.28,overcast clouds
119,Georgetown,MY,5.4112,100.3354,80.53,89,20,5.99,few clouds
120,Cintalapa,MX,16.6951,-93.7272,82.78,63,80,8.55,broken clouds
121,Vardo,NO,70.3705,31.1107,40.98,87,40,8.05,scattered clouds
122,Muros,ES,42.7762,-9.0603,62.64,72,53,10.74,broken clouds
123,Christchurch,NZ,-43.5333,172.6333,47.41,93,6,2.3,clear sky
124,Narsaq,GL,60.9167,-46.05,46.62,92,100,5.3,overcast clouds
125,Arvika,SE,59.6553,12.5852,45.21,90,78,3.6,broken clouds
126,Andros Town,BS,24.7,-77.7667,82.36,70,45,15.3,scattered clouds
127,Sabha,LY,27.0377,14.4283,88.09,7,1,4.88,clear sky
128,Lorengau,PG,-2.0226,147.2712,81.88,74,95,4.99,overcast clouds
129,Conceicao Do Araguaia,BR,-8.2578,-49.2647,79.52,64,100,3.33,overcast clouds
130,Sur,OM,22.5667,59.5289,90.43,41,0,15.21,clear sky
131,Bethel,US,41.3712,-73.414,69.37,70,100,9.22,overcast clouds
132,Pevek,RU,69.7008,170.3133,31.48,79,98,10.76,overcast clouds
133,Tobolsk,RU,58.2,68.2667,66.63,60,100,13.58,overcast clouds
134,Nabire,ID,-3.3667,135.4833,75.63,89,39,2.82,scattered clouds
135,Chulym,RU,55.0997,80.9572,52.68,58,0,8.14,clear sky
136,Leningradskiy,RU,69.3833,178.4167,33.58,87,100,3.87,overcast clouds
137,Hofn,IS,64.2539,-15.2082,45.37,75,81,18.72,broken clouds
138,Cayenne,GF,4.9333,-52.3333,81.09,1,75,8.05,moderate rain
139,Ahipara,NZ,-35.1667,173.1667,58.96,71,58,4.41,broken clouds
140,Kodiak,US,57.79,-152.4072,56.71,54,0,6.91,clear sky
141,Dunedin,NZ,-45.8742,170.5036,41.81,81,5,1.99,clear sky
142,Nambucca Heads,AU,-30.65,153.0,59.16,87,13,4.94,few clouds
143,Qaqortoq,GL,60.7167,-46.0333,35.92,94,100,6.22,overcast clouds
144,Sao Joao Da Barra,BR,-21.6403,-41.0511,71.58,74,2,9.26,clear sky
145,Mahebourg,MU,-20.4081,57.7,70.25,94,20,6.91,few clouds
146,Ilulissat,GL,69.2167,-51.1,33.82,86,100,9.22,light snow
147,Hobart,AU,-42.8794,147.3294,52.27,84,75,10.36,broken clouds
148,Haines Junction,CA,60.7522,-137.5108,55.35,49,61,3.2,light rain
149,Sept-Iles,CA,50.2001,-66.3821,50.05,67,100,1.01,overcast clouds
150,Westport,US,41.1415,-73.3579,70.29,68,70,5.01,broken clouds
151,Codrington,AU,-38.2667,141.9667,49.84,92,97,6.17,overcast clouds
152,Dingle,PH,10.9995,122.6711,77.2,88,99,2.33,heavy intensity rain
153,Yulara,AU,-25.2406,130.9889,54.81,62,10,10.4,clear sky
154,Kruisfontein,ZA,-34.0033,24.7314,52.88,90,39,4.34,scattered clouds
155,Kaeo,NZ,-35.1,173.7833,57.33,94,63,6.73,broken clouds
156,Zaqatala,AZ,41.6336,46.6433,55.87,72,66,13.8,broken clouds
157,Santa Rosa,PH,14.3122,121.1114,80.11,88,100,2.37,overcast clouds
158,Rudbar,AF,30.15,62.6,80.76,24,0,11.45,clear sky
159,Khandyga,RU,62.6667,135.6,41.9,80,99,0.89,overcast clouds
160,Labuhan,ID,-6.8844,112.2051,76.98,81,100,3.13,overcast clouds
161,Victoria,HK,22.2855,114.1577,81.32,94,98,4.0,overcast clouds
162,Soyo,AO,-6.1349,12.3689,73.98,88,21,6.53,few clouds
163,Tchibanga,GA,-2.85,11.0333,69.8,98,100,2.08,moderate rain
164,Karratha,AU,-20.7377,116.8463,74.48,72,74,5.99,broken clouds
165,Pangai,TO,-19.8,-174.35,79.16,82,73,16.28,broken clouds
166,Arraial Do Cabo,BR,-22.9661,-42.0278,71.46,83,0,9.22,clear sky
167,Port Hardy,CA,50.6996,-127.4199,55.58,76,100,2.3,light rain
168,Najran,SA,17.4924,44.1277,74.95,17,0,0.83,clear sky
169,Upernavik,GL,72.7868,-56.1549,32.11,77,18,11.97,few clouds
170,Komsomolskiy,UZ,40.4272,71.7189,75.42,39,99,3.04,overcast clouds
171,Matay,EG,28.419,30.7792,78.98,34,0,16.24,clear sky
172,Majene,ID,-3.5403,118.9707,75.16,96,100,10.58,overcast clouds
173,Eskilstuna,SE,59.3666,16.5077,51.58,94,100,5.01,overcast clouds
174,Vila Franca Do Campo,PT,37.7167,-25.4333,63.01,87,68,5.41,broken clouds
175,Ancud,CL,-41.8697,-73.8203,45.48,79,75,4.12,broken clouds
176,North Bend,US,43.4065,-124.2243,71.24,50,100,11.77,overcast clouds
177,Valdemarpils,LV,57.3707,22.5919,47.48,91,35,10.85,light rain
178,Halifax,CA,44.6453,-63.5724,61.52,55,63,5.99,broken clouds
179,Nanortalik,GL,60.1432,-45.2371,35.19,95,100,9.8,overcast clouds
180,San Quintin,MX,30.4833,-115.95,67.86,65,1,9.78,clear sky
181,Namibe,AO,-15.1961,12.1522,67.84,82,62,2.35,broken clouds
182,Lubango,AO,-14.9172,13.4925,55.0,36,0,2.68,clear sky
183,Constitucion,CL,-35.3333,-72.4167,49.93,74,95,8.5,overcast clouds
184,Holden,US,42.3518,-71.8634,69.94,60,75,12.66,broken clouds
185,Katsuura,JP,35.1333,140.3,68.02,89,100,22.86,overcast clouds
186,Ixtapa,MX,20.7,-105.2,81.63,69,0,10.36,clear sky
187,Nauta,PE,-4.5061,-73.5757,79.86,87,48,1.34,moderate rain
188,Bengkulu,ID,-3.8004,102.2655,75.92,83,86,3.87,overcast clouds
189,Danane,CI,7.2596,-8.155,70.39,97,38,0.81,light rain
190,Rancho Palos Verdes,US,33.7445,-118.387,78.04,75,20,16.11,few clouds
191,Nortelandia,BR,-14.4547,-56.8028,78.12,45,84,4.0,broken clouds
192,Remedios,CU,22.4947,-79.5458,86.92,68,52,17.29,broken clouds
193,Pastavy,BY,55.1168,26.8326,47.28,90,10,16.35,clear sky
194,Quatre Cocos,MU,-20.2078,57.7625,70.09,73,1,5.55,clear sky
195,Rawson,AR,-43.3002,-65.1023,44.89,44,0,12.62,clear sky
196,Atlantic City,US,39.3643,-74.4229,68.18,78,100,10.36,overcast clouds
197,Severo-Kurilsk,RU,50.6789,156.125,41.77,82,34,1.61,scattered clouds
198,Lompoc,US,34.6391,-120.4579,77.68,78,100,13.8,mist
199,Copiapo,CL,-27.3667,-70.3333,55.09,54,98,3.36,overcast clouds
200,Batangafo,CF,7.3008,18.2833,70.27,93,100,6.82,moderate rain
201,Vao,NC,-22.6667,167.4833,73.4,78,100,9.28,overcast clouds
202,Pochutla,MX,15.7432,-96.4661,86.83,79,91,3.71,overcast clouds
203,Udachnyy,RU,66.4167,112.4,32.77,66,46,14.43,scattered clouds
204,Lavrentiya,RU,65.5833,-171.0,34.48,95,71,3.29,broken clouds
205,Port Keats,AU,-14.25,129.55,68.59,48,19,7.72,few clouds
206,Kaitangata,NZ,-46.2817,169.8464,41.29,77,6,4.47,clear sky
207,Amapa,BR,1.0,-52.0,71.69,99,100,2.21,overcast clouds
208,Flinders,AU,-34.5833,150.8552,56.37,93,64,3.0,broken clouds
209,Provideniya,RU,64.3833,-173.3,33.91,86,100,6.71,overcast clouds
210,Jeremoabo,BR,-10.075,-38.4808,69.84,93,69,9.84,broken clouds
211,Faya,SA,18.3851,42.4509,66.72,41,1,1.97,clear sky
212,Te Anau,NZ,-45.4167,167.7167,40.64,78,22,1.21,few clouds
213,Nuuk,GL,64.1835,-51.7216,30.81,93,100,12.66,light snow
214,Fairview,US,40.8126,-73.999,71.31,72,40,17.27,scattered clouds
215,Yongzhou,CN,26.4559,111.5988,67.55,96,100,2.77,overcast clouds
216,Gbarnga,LR,6.9956,-9.4722,71.49,98,33,2.8,scattered clouds
217,Andenes,NO,69.3143,16.1194,49.98,76,91,2.3,overcast clouds
218,Ribeira Grande,PT,38.5167,-28.7,64.08,77,100,17.54,overcast clouds
219,Luwuk,ID,-0.9516,122.7875,77.09,87,99,4.68,overcast clouds
220,Salalah,OM,17.0151,54.0924,84.29,79,75,5.75,broken clouds
221,Fortuna,US,40.5982,-124.1573,66.92,80,0,1.01,clear sky
222,Cortez,US,37.3489,-108.5859,85.93,11,0,11.99,clear sky
223,Aykhal,RU,66.0,111.5,31.03,68,47,14.81,scattered clouds
224,Papar,MY,5.7333,115.9333,75.2,95,100,1.88,overcast clouds
225,Husavik,IS,66.0449,-17.3389,40.05,97,100,10.2,overcast clouds
226,Trairi,BR,-3.2778,-39.2689,77.31,85,0,6.78,clear sky
227,Plouzane,FR,48.3833,-4.6167,57.52,77,100,8.05,overcast clouds
228,La Paz,BO,-16.5,-68.15,51.78,40,20,8.05,few clouds
229,Nuziders,AT,47.1667,9.8,58.05,70,19,2.64,few clouds
230,Saskylakh,RU,71.9167,114.0833,30.4,96,100,10.47,overcast clouds
231,Atasu,KZ,48.6814,71.6433,58.28,66,0,8.01,clear sky
232,Havre-Saint-Pierre,CA,50.2334,-63.5986,45.66,70,100,7.05,overcast clouds
233,Cairns,AU,-16.9167,145.7667,71.06,94,9,2.3,clear sky
234,Bara,NG,10.3744,10.7288,86.13,48,8,13.58,clear sky
235,Henties Bay,NA,-22.116,14.2845,59.16,83,0,7.43,clear sky
236,Garmsar,IR,35.2182,52.3409,68.65,39,1,4.74,clear sky
237,General Pico,AR,-35.6566,-63.7568,49.91,53,93,7.29,overcast clouds
238,Ondjiva,AO,-17.0667,15.7333,59.18,34,0,5.88,clear sky
239,Altagracia De Orituco,VE,9.8601,-66.3814,79.56,74,100,5.53,overcast clouds
240,Ostrovnoy,RU,68.0531,39.5131,35.11,98,100,17.13,overcast clouds
241,Agadez,NE,19.75,10.25,89.82,10,3,8.5,clear sky
242,Kavaratti,IN,10.5669,72.642,83.12,75,100,9.75,overcast clouds
243,Korem,ET,12.5058,39.5228,59.36,41,42,0.78,scattered clouds
244,Tocopilla,CL,-22.092,-70.1979,64.74,73,80,8.52,broken clouds
245,Yangambi,CD,0.8102,24.4336,70.2,90,11,1.83,few clouds
246,Rocha,UY,-34.4833,-54.3333,47.68,83,19,3.36,few clouds
247,Cabo San Lucas,MX,22.8909,-109.9124,86.61,61,1,12.35,clear sky
248,Faanui,PF,-16.4833,-151.75,80.98,71,5,15.95,light rain
249,Tutin,RS,42.9903,20.3314,56.88,91,99,1.79,overcast clouds
250,Saint George,US,37.1041,-113.5841,99.95,9,0,9.22,clear sky
251,Mori,JP,34.8333,137.9333,72.45,95,100,15.17,light rain
252,Sorland,NO,67.667,12.6934,49.86,86,93,13.38,overcast clouds
253,Mamlyutka,KZ,54.9375,68.5394,60.15,80,67,11.23,broken clouds
254,Huarmey,PE,-10.0681,-78.1522,67.28,76,56,10.07,broken clouds
255,Havoysund,NO,70.9963,24.6622,53.83,66,37,13.78,scattered clouds
256,Biak,ID,-0.9131,122.8766,76.41,84,99,5.59,overcast clouds
257,Trinidad,BO,-14.8333,-64.9,84.18,74,40,0.0,scattered clouds
258,Okakarara,NA,-20.5833,17.4333,56.61,32,0,5.99,clear sky
259,Luanda,AO,-8.8368,13.2343,71.6,88,0,5.75,clear sky
260,Sioux Lookout,CA,50.1001,-91.917,57.99,55,97,6.31,overcast clouds
261,Port Lincoln,AU,-34.7333,135.8667,56.39,82,50,6.22,scattered clouds
262,Coihaique,CL,-45.5752,-72.0662,36.21,86,20,3.44,few clouds
263,Nenjiang,CN,49.1833,125.2167,60.71,63,3,4.9,clear sky
264,Tazovskiy,RU,67.4667,78.7,36.14,72,74,8.37,broken clouds
265,Villa Bruzual,VE,9.3328,-69.1208,81.86,73,100,4.07,overcast clouds
266,Castro,BR,-24.7911,-50.0119,58.44,73,91,2.28,overcast clouds
267,Abu Dhabi,AE,24.4667,54.3667,87.91,51,0,5.75,clear sky
268,Saldanha,ZA,-33.0117,17.9442,59.43,85,0,8.37,clear sky
269,Mehamn,NO,71.0357,27.8492,40.91,79,57,14.34,broken clouds
270,Meulaboh,ID,4.1363,96.1285,77.18,86,100,5.48,overcast clouds
271,Oranjestad,AW,12.524,-70.027,80.65,81,9,28.16,clear sky
272,Kichera,RU,55.9375,110.0997,41.68,73,47,6.26,scattered clouds
273,Katherine,AU,-14.4667,132.2667,62.92,72,15,6.91,few clouds
274,Acopiara,BR,-6.0953,-39.4525,77.2,64,100,3.69,overcast clouds
275,Panacan,PH,9.2463,118.4082,80.6,78,100,1.3,overcast clouds
276,Mayo,US,38.8876,-76.5119,72.36,86,100,10.36,overcast clouds
277,Darhan,MN,49.4867,105.9228,55.45,58,99,10.67,overcast clouds
278,Nantucket,US,41.2835,-70.0995,62.74,77,0,9.22,clear sky
279,Richards Bay,ZA,-28.783,32.0377,67.01,86,86,5.03,light rain
280,Lasa,IT,46.6166,10.7002,58.69,95,68,3.15,broken clouds
281,Alice Springs,AU,-23.7,133.8833,45.95,87,8,0.0,clear sky
282,Mnogovershinnyy,RU,53.9353,139.9242,47.44,58,87,5.7,overcast clouds
283,Shubarshi,KZ,48.5872,57.1869,55.49,63,91,1.21,overcast clouds
284,Berlevag,NO,70.8578,29.0864,44.4,87,100,11.5,overcast clouds
285,Beloha,MG,-25.1667,45.05,66.24,94,7,4.36,clear sky
286,Kangaatsiaq,GL,68.3065,-53.4641,28.8,94,100,11.77,overcast clouds
287,Sorong,ID,-0.8833,131.25,78.19,87,96,4.52,overcast clouds
288,Tuatapere,NZ,-46.1333,167.6833,42.98,78,0,3.76,clear sky
289,Caconda,AO,-13.7333,15.0667,54.12,45,0,2.86,clear sky
290,Bystryy Istok,RU,52.371,84.3873,59.95,66,96,3.13,overcast clouds
291,Shieli,KZ,44.1667,66.75,67.5,45,90,15.68,overcast clouds
292,Khandbari,NP,27.3747,87.2039,67.33,76,43,2.73,scattered clouds
293,The Valley,AI,18.217,-63.0578,82.26,74,20,12.66,few clouds
294,Goundam,ML,16.4145,-3.6708,94.41,29,35,8.77,scattered clouds
295,Shenjiamen,CN,29.9576,122.298,64.81,86,75,5.23,broken clouds
296,Rio Gallegos,AR,-51.6226,-69.2181,41.05,56,75,20.71,broken clouds
297,Aklavik,CA,68.2191,-135.0107,50.22,67,100,3.27,overcast clouds
298,Canico,PT,32.6333,-16.85,67.71,81,40,13.8,scattered clouds
299,San Cristobal,VE,7.7669,-72.225,77.18,76,100,4.63,overcast clouds
300,Volchikha,RU,52.0333,80.3833,63.39,73,0,6.64,clear sky
301,Benghazi,LY,32.1167,20.0667,78.96,42,3,11.7,clear sky
302,La Asuncion,VE,11.0333,-63.8628,78.69,81,100,14.83,overcast clouds
303,Talnakh,RU,69.4865,88.3972,32.47,82,62,5.68,broken clouds
304,Birin,NP,26.8865,88.0718,58.78,80,2,4.41,clear sky
305,Grand-Santi,GF,4.25,-54.3833,74.44,99,67,2.73,heavy intensity rain
306,Conde,BR,-7.2597,-34.9075,74.66,94,75,9.22,broken clouds
307,Kieta,PG,-6.2167,155.6333,81.39,81,98,4.99,light rain
308,Tongren,CN,27.7172,109.1853,65.53,98,100,2.59,overcast clouds
309,Barcelos,PT,41.5388,-8.6151,74.84,68,12,5.44,few clouds
310,Never,FR,46.9896,3.159,58.75,83,76,2.66,broken clouds
311,Brae,GB,60.3964,-1.353,46.08,74,36,16.69,light rain
312,Palmer,US,42.1584,-72.3287,69.17,58,76,5.01,broken clouds
313,Mareeba,AU,-17.0,145.4333,67.44,87,3,2.01,clear sky
314,Bubaque,GW,11.2833,-15.8333,79.59,84,88,13.44,moderate rain
315,Tateyama,JP,34.9833,139.8667,69.1,89,100,25.12,moderate rain
316,Kolaras,IN,25.2333,77.6,90.86,25,74,8.77,broken clouds
317,Rock Springs,US,41.5875,-109.2029,80.04,15,0,10.36,clear sky
318,Caravelas,BR,-17.7125,-39.2481,70.9,78,3,7.11,clear sky
319,Apatin,RS,45.6711,18.9847,60.76,63,36,3.8,scattered clouds
320,Sola,VU,-13.8833,167.55,81.09,77,45,15.21,scattered clouds
321,Benguela,AO,-12.5763,13.4055,69.66,88,33,4.76,scattered clouds
322,Ambilobe,MG,-13.2,49.05,69.82,90,68,2.57,broken clouds
323,Tyup,KG,42.7276,78.3648,54.7,48,1,4.18,clear sky
324,Margate,GB,51.3813,1.3862,59.88,81,57,5.01,broken clouds
325,Ust-Ilimsk,RU,58.0006,102.6619,38.57,79,34,4.07,scattered clouds
326,Oia,PT,40.5426,-8.5386,68.4,76,27,4.12,scattered clouds
327,Coahuayana,MX,18.7333,-103.6833,87.35,56,94,8.19,overcast clouds
328,Alpena,US,45.0617,-83.4327,79.12,53,75,6.91,broken clouds
329,Gravelbourg,CA,49.8834,-106.5512,74.05,22,91,9.53,overcast clouds
330,Keuruu,FI,62.2667,24.7,46.8,97,100,1.72,overcast clouds
331,Kysyl-Syr,RU,63.8986,122.7617,34.92,65,99,10.11,overcast clouds
332,Maumee,US,41.5628,-83.6538,70.52,91,40,8.05,scattered clouds
333,Lakselv,NO,70.0513,24.9718,53.42,50,40,6.91,scattered clouds
334,Los Llanos De Aridane,ES,28.6585,-17.9182,64.15,88,100,6.91,overcast clouds
335,La Ronge,CA,55.1001,-105.2842,55.6,49,89,6.04,overcast clouds
336,Ferrol,ES,43.4832,-8.2369,61.32,79,73,9.86,broken clouds
337,Krutikha,RU,53.9599,81.2093,55.71,60,0,6.55,clear sky
338,Leh,IN,34.1667,77.5833,49.96,40,98,6.02,overcast clouds
339,Kyaukse,MM,21.6,96.1333,78.75,75,2,7.47,clear sky
340,Palana,RU,59.1167,159.9667,37.13,91,100,3.13,light rain
341,Aktash,RU,50.3,87.7333,45.36,83,100,1.83,overcast clouds
342,Yerbogachen,RU,61.2767,108.0108,38.05,64,33,9.62,scattered clouds
343,Petropavlovsk-Kamchatskiy,RU,53.0452,158.6483,46.99,66,75,4.47,broken clouds
344,Kununurra,AU,-15.7667,128.7333,58.98,82,9,0.0,clear sky
345,Esperance,AU,-33.8667,121.9,56.17,81,1,5.86,clear sky
346,Ulladulla,AU,-35.35,150.4667,57.45,76,75,5.37,broken clouds
347,Yeppoon,AU,-23.1333,150.7333,60.58,84,1,7.56,clear sky
348,Altamont,US,42.2068,-121.7372,75.88,32,0,14.97,clear sky
349,Edd,ER,13.9297,41.6925,84.78,68,0,5.82,clear sky
350,Vostok,RU,46.4856,135.8833,55.76,80,46,2.93,scattered clouds
351,Chuy,UY,-33.6971,-53.4616,56.62,85,100,8.19,overcast clouds
352,Normandin,CA,48.8333,-72.5321,50.86,98,100,9.26,overcast clouds
353,Sinnamary,GF,5.3833,-52.95,78.71,84,55,10.58,broken clouds
354,Mundo Nuevo,MX,18.7,-95.5,83.84,78,100,12.37,overcast clouds
355,Beringovskiy,RU,63.05,179.3167,42.98,72,88,8.23,overcast clouds
356,Taoudenni,ML,22.6783,-3.9836,97.95,13,15,6.64,few clouds
357,Okato,NZ,-39.2,173.8833,53.91,100,0,6.8,clear sky
358,Viedma,AR,-40.8135,-62.9967,45.19,59,54,10.63,broken clouds
359,Jiuquan,CN,39.7432,98.5174,67.66,32,100,13.67,overcast clouds
360,Makat,KZ,47.6469,53.3463,60.73,61,25,5.91,scattered clouds
361,Liusha,CN,27.2098,108.59,60.67,99,100,2.42,overcast clouds
362,Portovelo,EC,-3.7167,-79.6167,76.06,82,45,3.24,light rain
363,Gdansk,PL,54.3521,18.6464,53.31,78,0,14.97,clear sky
364,Hvide Sande,DK,56.0045,8.1294,53.1,81,86,25.3,light rain
365,Pahrump,US,36.2083,-115.9839,99.25,8,19,11.99,few clouds
366,Belgrade,RS,44.804,20.4651,65.86,62,0,5.75,clear sky
367,Eravur,LK,7.7733,81.6095,79.7,73,90,5.08,overcast clouds
368,Rosarito,MX,32.3333,-117.0333,74.62,68,36,8.32,scattered clouds
369,Honningsvag,NO,70.9821,25.9704,53.35,50,20,3.44,few clouds
370,Madawaska,US,47.3561,-68.3288,58.3,88,100,15.01,moderate rain
371,Gizo,SB,-8.103,156.8419,82.2,74,92,2.19,light rain
372,Bida,NG,9.0833,6.0167,79.86,73,7,7.23,clear sky
373,Sao Jose Da Coroa Grande,BR,-8.8978,-35.1478,76.37,85,72,14.12,broken clouds
374,Fort Nelson,CA,58.8053,-122.7002,56.79,54,75,12.66,broken clouds
375,Padang,ID,-0.9492,100.3543,77.83,79,81,3.8,broken clouds
376,Reinosa,ES,42.9996,-4.138,50.47,85,4,4.65,clear sky
377,Gijon,ES,43.5357,-5.6615,61.0,88,11,10.0,few clouds
378,Luau,AO,-10.7073,22.2247,60.03,44,0,5.14,clear sky
379,Moree,AU,-29.4667,149.85,57.74,76,6,5.23,clear sky
380,Sao Gabriel Da Cachoeira,BR,-0.1303,-67.0892,79.65,79,44,3.78,scattered clouds
381,Itarema,BR,-2.9248,-39.9167,76.84,87,6,9.33,clear sky
382,Vila,PT,42.0304,-8.1588,65.28,69,10,4.7,clear sky
383,Kirakira,SB,-10.4544,161.9205,83.95,69,88,7.78,overcast clouds
384,Sorkjosen,NO,69.8,20.9333,46.4,66,98,2.3,overcast clouds
385,Skala,PL,50.2305,19.8536,57.51,72,0,6.91,clear sky
386,Watrous,CA,51.6668,-105.4679,68.88,37,55,8.52,broken clouds
387,Coracora,PE,-15.0333,-73.7833,54.37,40,29,7.94,scattered clouds
388,Port Blair,IN,11.6667,92.75,82.24,81,100,16.55,overcast clouds
389,Balakhta,RU,55.38,91.6,48.34,70,73,3.27,broken clouds
390,Paamiut,GL,61.994,-49.6678,31.46,77,100,0.94,overcast clouds
391,Kutum,SD,14.2,24.6667,76.51,10,11,10.92,few clouds
392,Irbil,IQ,36.1926,44.0106,72.63,17,0,3.83,clear sky
393,Poum,NC,-20.2333,164.0167,77.25,79,100,15.35,overcast clouds
394,Kastamonu,TR,41.5,33.6667,53.33,91,1,4.05,clear sky
395,Beterou,BJ,9.1992,2.2586,73.04,90,100,4.7,overcast clouds
396,Kalianget,ID,-7.05,113.9333,80.58,77,100,11.79,overcast clouds
397,Pacific Grove,US,36.6177,-121.9166,65.34,81,40,18.41,scattered clouds
398,Tiksi,RU,71.6872,128.8694,27.7,91,92,6.08,overcast clouds
399,Black Forest,US,39.0131,-104.7008,77.05,22,0,12.66,clear sky
400,Waingapu,ID,-9.6567,120.2641,77.11,83,100,9.33,overcast clouds
401,Dongsheng,CN,39.8161,109.9776,57.69,23,87,8.23,overcast clouds
402,Teya,RU,60.3778,92.6267,44.55,88,22,3.51,few clouds
403,Beeville,US,28.4008,-97.7483,98.29,17,0,8.05,clear sky
404,Impfondo,CG,1.6381,18.0667,70.3,98,36,3.29,scattered clouds
405,Yuci,CN,37.6803,112.7319,46.15,66,0,2.24,clear sky
406,Setermoen,NO,68.861,18.3486,46.36,73,57,5.53,broken clouds
407,Isangel,VU,-19.55,169.2667,78.67,73,1,4.85,clear sky
408,Smoky Lake,CA,54.1169,-112.4686,61.88,47,33,8.99,scattered clouds
409,Cherskiy,RU,68.75,161.3,39.65,57,88,14.43,overcast clouds
410,Sangar,RU,63.9242,127.4739,42.66,62,93,2.17,overcast clouds
411,General Roca,AR,-39.0333,-67.5833,45.63,75,72,7.2,broken clouds
412,Marawi,PH,7.9986,124.2928,68.86,90,100,1.97,overcast clouds
413,Zhangye,CN,38.9342,100.4517,66.97,23,100,5.28,overcast clouds
414,Fukue,JP,32.6881,128.8419,66.76,63,9,15.19,clear sky
415,Valkeakoski,FI,61.2642,24.0312,48.58,97,100,2.98,light rain
416,Kilindoni,TZ,-7.9139,39.6668,80.6,73,1,12.86,clear sky
417,Derzhavinsk,KZ,51.1,66.3167,55.71,74,100,18.86,overcast clouds
418,Port Hawkesbury,CA,45.6169,-61.3485,67.62,64,99,3.98,overcast clouds
419,Surt,LY,31.2089,16.5887,81.97,31,70,18.34,broken clouds
420,Randers,DK,56.4667,10.05,50.0,95,4,11.5,clear sky
421,Batagay-Alyta,RU,67.8006,130.4114,20.59,84,28,3.22,scattered clouds
422,Itapaci,BR,-14.9508,-49.5494,72.25,46,20,1.83,few clouds
423,Thinadhoo,MV,0.5333,72.9333,83.3,69,57,11.07,broken clouds
424,Tomatlan,MX,19.9333,-105.25,89.35,49,26,10.45,scattered clouds
425,Arlit,NE,18.7369,7.3853,91.04,8,50,5.01,scattered clouds
426,Taltal,CL,-25.4,-70.4833,60.93,77,100,4.47,overcast clouds
427,Zuwarah,LY,32.9312,12.082,84.65,31,90,9.95,overcast clouds
428,Ambon,ID,-3.6954,128.1814,75.34,94,40,3.44,scattered clouds
429,Bam,IR,29.106,58.357,83.35,9,0,6.11,clear sky
430,Brainerd,US,46.358,-94.2008,64.69,48,75,0.0,broken clouds
431,Orcopampa,PE,-15.2661,-72.3417,50.32,38,41,8.25,scattered clouds
432,Arona,ES,28.0996,-16.681,62.13,70,20,11.5,few clouds
433,Timaru,NZ,-44.4,171.25,44.08,85,0,1.92,clear sky
434,Sri Madhopur,IN,27.4667,75.6,83.53,33,5,4.92,clear sky
435,Chabahar,IR,25.2919,60.643,84.07,76,0,5.84,clear sky
436,Chapais,CA,49.7834,-74.8492,47.97,97,100,9.69,overcast clouds
437,Hurghada,EG,27.2574,33.8129,80.64,37,0,21.9,clear sky
438,Mahajanga,MG,-15.7167,46.3167,74.34,81,0,10.51,clear sky
439,Shepsi,RU,44.0361,39.1489,57.9,64,33,1.99,scattered clouds
440,Cavalcante,BR,-13.7975,-47.4583,68.23,56,57,3.83,broken clouds
441,Utica,US,43.1009,-75.2327,78.91,60,100,5.99,overcast clouds
442,Imperial,US,33.0334,-115.4175,107.46,12,5,10.0,clear sky
443,Aukra,NO,62.7925,6.919,47.77,81,75,3.44,broken clouds
444,Marienburg,PL,54.0359,19.0266,55.89,69,2,10.56,clear sky
445,Gilbues,BR,-9.8317,-45.3439,80.02,46,100,4.14,overcast clouds
446,Arroyo,ES,41.6096,-4.7969,60.84,63,0,10.36,clear sky
447,Severnyy,RU,50.677,36.5532,53.64,94,40,11.18,scattered clouds
448,Nurlat,RU,54.4277,50.8051,48.07,68,83,10.29,broken clouds
449,Kokopo,PG,-4.352,152.2633,79.45,79,100,3.91,overcast clouds
450,Bairiki,KI,1.3292,172.9752,84.2,70,75,5.75,broken clouds
451,Zambezi,ZM,-13.5432,23.1047,56.35,48,0,4.94,clear sky
452,Muscat,OM,23.6139,58.5922,95.02,39,0,8.7,clear sky
453,Voi,KE,-3.3945,38.563,71.17,85,83,9.78,broken clouds
454,Ruidoso,US,33.3317,-105.673,83.97,12,0,10.36,clear sky
455,Opunake,NZ,-39.4556,173.8583,54.84,70,0,11.07,clear sky
456,Magaria,NE,12.9983,8.9099,88.0,10,2,8.97,clear sky
457,Nalut,LY,30.3333,10.85,88.86,16,100,2.17,overcast clouds
458,La Union,PE,-5.4,-80.75,77.22,54,17,17.0,few clouds
459,Iringa,TZ,-7.7667,35.7,59.81,86,97,4.79,overcast clouds
460,Burgos,ES,42.3394,-3.7079,50.41,87,0,1.14,clear sky
461,Mtwara,TZ,-10.2667,40.1833,74.34,87,5,8.21,clear sky
462,Kimbe,PG,-5.5502,150.1429,77.99,87,100,1.48,overcast clouds
463,Amahai,ID,-3.3333,128.9167,78.1,87,77,3.13,broken clouds
464,Yumen,CN,40.2833,97.2,64.87,40,100,10.25,overcast clouds
465,Virginia Beach,US,36.8529,-75.978,79.05,82,0,4.61,clear sky
466,Russell,US,32.3502,-85.1999,71.2,88,75,16.11,broken clouds
467,Touros,BR,-5.1989,-35.4608,78.62,78,95,13.31,overcast clouds
468,Indiana,US,40.0003,-86.2503,73.87,77,75,16.11,broken clouds
469,Port Augusta,AU,-32.5,137.7667,53.19,93,5,4.65,clear sky
470,San Jose,US,37.3394,-121.895,81.75,48,100,19.57,overcast clouds
471,Mangaratiba,BR,-22.9597,-44.0406,69.78,83,2,0.98,clear sky
472,Kusti,SD,13.1629,32.6635,88.97,8,4,10.54,clear sky
473,Uromi,NG,6.7,6.3333,70.81,95,87,6.6,overcast clouds
474,Hami,CN,42.8,93.45,77.9,29,59,14.03,broken clouds
475,Beyneu,KZ,45.3167,55.2,61.83,47,14,7.02,few clouds
476,Brownsville,US,25.9018,-97.4975,90.09,68,0,12.66,smoke
477,Valparaiso,CL,-33.0393,-71.6273,57.43,73,0,6.91,clear sky
478,Guerrero Negro,MX,27.9769,-114.0611,72.84,54,0,14.5,clear sky
479,Lodja,CD,-3.4833,23.4333,69.42,82,34,1.79,scattered clouds
480,Tynda,RU,55.1667,124.7167,54.32,77,100,6.42,overcast clouds
481,Tomsk,RU,58.5,82.5,53.11,65,79,4.03,broken clouds
482,Batouri,CM,4.4333,14.3667,67.17,98,56,2.53,light rain
483,Mount Gambier,AU,-37.8333,140.7667,50.25,96,98,4.16,overcast clouds
484,Gualeguay,AR,-33.1416,-59.3097,52.66,76,18,7.34,few clouds
485,Shalushka,RU,43.5325,43.5661,50.47,73,65,5.48,broken clouds
486,Yarada,IN,17.65,83.2667,82.72,89,75,2.3,mist
487,Oktyabrskoye,RU,43.0645,44.7417,46.54,93,42,4.47,scattered clouds
488,Mardin,TR,37.3131,40.7436,61.5,28,0,6.42,clear sky
489,Kattivakkam,IN,13.2167,80.3167,84.07,78,46,11.54,scattered clouds
490,Banjar,ID,-8.19,114.9675,75.97,88,100,7.52,light rain
491,Pontes E Lacerda,BR,-15.2261,-59.3353,82.42,45,96,2.08,overcast clouds
492,Alghero,IT,40.5589,8.3181,71.69,83,0,3.44,light rain
493,Alexandria,EG,31.2156,29.9553,71.71,81,0,8.7,clear sky
494,Bolnisi,GE,41.4479,44.5384,53.19,77,17,3.76,few clouds
495,Dhanera,IN,24.5167,72.0167,81.18,75,0,14.25,clear sky
496,Ville-Marie,CA,47.3335,-79.433,62.58,95,100,10.02,overcast clouds
497,Redding,US,40.5865,-122.3917,87.57,28,0,11.5,clear sky
498,Orlik,RU,52.5178,99.825,42.66,78,24,4.76,few clouds
499,Cap Malheureux,MU,-19.9842,57.6142,70.47,76,0,3.0,clear sky
500,Bontang,ID,0.1333,117.5,75.87,90,100,8.63,overcast clouds
501,Kahului,US,20.8947,-156.47,84.22,52,40,24.16,scattered clouds
502,Batemans Bay,AU,-35.7167,150.1833,56.1,78,96,4.32,light rain
503,Vryburg,ZA,-26.9566,24.7284,56.91,47,0,3.0,clear sky
504,Gautier,US,30.3858,-88.6117,86.11,49,0,0.0,clear sky
505,Bonthe,SL,7.5264,-12.505,78.17,86,81,7.25,light rain
506,Mitsamiouli,KM,-11.3847,43.2844,79.79,76,87,9.22,overcast clouds
507,Riberalta,BO,-10.9833,-66.1,88.0,62,75,0.0,broken clouds
508,Manggar,ID,-2.8833,108.2667,78.37,84,95,3.04,overcast clouds
509,Cheney,US,47.4874,-117.5758,74.98,41,75,11.5,broken clouds
510,Akyab,MM,20.15,92.9,80.96,84,42,8.39,scattered clouds
511,Asau,RO,46.4333,26.4,56.32,83,7,6.4,clear sky
512,Imeni Poliny Osipenko,RU,52.4201,136.4853,52.45,70,100,5.06,overcast clouds
513,Guanica,PR,17.9716,-66.908,83.98,73,54,12.71,broken clouds
514,Miraflores,MX,19.2167,-98.8083,83.97,18,57,6.24,broken clouds
515,Korla,CN,41.7597,86.1469,78.49,27,97,12.35,overcast clouds
516,Shelburne,CA,44.0787,-80.2041,73.9,73,100,16.04,overcast clouds
517,Chiredzi,ZW,-21.05,31.6667,63.97,56,0,5.55,clear sky
518,Atar,MR,20.5169,-13.0499,91.15,25,3,8.68,clear sky
519,Cosala,MX,24.4125,-106.6908,99.37,18,0,9.6,clear sky
520,Leua,SK,48.2156,18.6071,67.5,74,87,3.58,overcast clouds
521,Bom Jesus Da Lapa,BR,-13.255,-43.4181,76.39,50,45,13.04,scattered clouds
522,Itumbiara,BR,-18.4192,-49.2153,71.76,49,100,4.94,overcast clouds
523,Romodanovo,RU,54.4275,45.3296,51.35,94,100,9.93,light rain
524,Grindavik,IS,63.8424,-22.4338,46.87,71,0,16.11,clear sky
525,Smithers,CA,54.7804,-127.1743,56.77,50,100,0.47,overcast clouds
526,Wangkui,CN,46.8333,126.5,53.87,91,100,7.61,moderate rain
527,Tengushevo,RU,54.7686,42.7189,50.65,99,100,9.17,light rain
528,Yar-Sale,RU,66.8333,70.8333,46.15,59,99,16.08,overcast clouds
529,Priiskovyy,RU,51.9333,116.6333,59.27,44,32,11.81,scattered clouds
530,Mezhdurechensk,RU,53.6942,88.0603,52.95,64,13,3.2,few clouds
531,Marshall,US,34.3834,-86.3333,75.18,78,75,11.5,broken clouds
532,Grand Island,US,40.925,-98.342,75.38,37,0,16.11,clear sky
533,Chingirlau,KZ,51.095,54.0814,47.61,78,37,4.34,scattered clouds
534,Bukachacha,RU,52.9833,116.9167,55.45,55,4,2.68,clear sky
535,Ambositra,MG,-20.5167,47.25,54.36,90,0,1.9,clear sky
536,Kumluca,TR,36.3703,30.2869,75.76,52,51,5.41,broken clouds
537,Narodychi,UA,51.2029,29.0823,54.66,83,28,13.47,scattered clouds
538,Svoboda Nad Upou,CZ,50.626,15.8165,49.3,91,62,4.43,broken clouds
539,Pio Ix,BR,-6.8375,-40.5792,69.98,89,79,7.25,broken clouds
540,Auki,SB,-8.7676,160.7034,80.26,80,99,0.27,overcast clouds
541,Aberdeen,GB,57.1437,-2.0981,48.69,72,23,13.8,few clouds
542,Imbituba,BR,-28.24,-48.6703,72.86,95,100,1.92,light rain
543,Turukhansk,RU,65.8167,87.9833,45.68,55,8,15.01,clear sky
544,Totness,SR,5.8833,-56.3167,77.76,89,16,11.03,few clouds
545,Portland,US,45.5234,-122.6762,76.33,60,100,5.01,overcast clouds
546,Zapolyarnyy,RU,69.4154,30.8136,40.28,72,97,11.18,light rain
547,Jacareacanga,BR,-6.2222,-57.7528,78.42,66,20,2.28,few clouds
548,Tutoia,BR,-2.7619,-42.2744,76.42,88,11,4.12,few clouds
549,Gat,IL,31.61,34.7642,78.4,66,2,6.78,clear sky
550,Pasrur,PK,32.2641,74.6634,82.24,34,0,6.87,clear sky
551,Nchelenge,ZM,-9.3451,28.734,64.31,66,21,7.25,few clouds
552,Lincoln,US,40.8,-96.667,70.18,65,0,12.66,clear sky
553,Yurimaguas,PE,-5.9,-76.0833,82.08,73,78,2.26,broken clouds
554,Saint-Augustin,CA,51.226,-58.6502,52.07,38,100,2.66,overcast clouds
555,Veraval,IN,20.9,70.3667,82.9,74,97,17.74,overcast clouds
556,Aripuana,BR,-9.1667,-60.6333,80.56,60,60,2.42,broken clouds
557,Rosario Do Sul,BR,-30.2583,-54.9142,61.05,98,100,9.73,overcast clouds
558,Iguape,BR,-24.7081,-47.5553,68.14,78,40,9.08,scattered clouds
559,Megion,RU,61.0296,76.1136,57.22,58,33,11.14,scattered clouds
560,Gravdal,NO,68.1214,13.5031,49.46,84,100,6.44,overcast clouds
561,Olafsvik,IS,64.8945,-23.7142,44.38,76,50,13.91,scattered clouds
562,Anshun,CN,26.25,105.9333,62.6,96,100,3.02,overcast clouds
563,Voh,NC,-20.9667,164.7,77.02,75,100,4.34,overcast clouds
564,Port Hedland,AU,-20.3167,118.5667,71.65,68,95,6.91,overcast clouds
565,Akhmim,EG,26.5622,31.745,82.29,23,0,10.83,clear sky
566,Mezen,RU,65.8522,44.24,44.92,96,100,9.82,overcast clouds
567,Aleksandrov Gay,RU,50.147,48.5704,59.0,65,95,9.78,overcast clouds
568,Acajutla,SV,13.5928,-89.8275,80.71,79,100,4.12,overcast clouds
569,Malaya Purga,RU,56.5567,53.0043,41.5,85,64,6.2,broken clouds
570,Alofi,NU,-19.0595,-169.9187,82.29,65,75,8.05,broken clouds
571,Zhigalovo,RU,54.8097,105.1578,44.29,75,44,6.04,scattered clouds
572,Tual,ID,-5.6667,132.75,83.43,75,99,17.54,overcast clouds
573,Zhigansk,RU,66.7697,123.3711,31.57,69,15,24.61,few clouds
574,Naze,JP,28.3667,129.4833,65.32,86,100,5.41,overcast clouds
575,Antonina,BR,-25.4286,-48.7119,73.08,1,92,1.92,overcast clouds
576,Espinosa,BR,-14.9261,-42.8192,69.3,60,51,4.85,broken clouds
577,Inhambane,MZ,-23.865,35.3833,70.32,86,0,5.97,clear sky
578,Gimli,CA,50.6336,-96.9907,51.82,71,66,13.8,broken clouds
579,Gorontalo,ID,0.5412,123.0595,74.32,95,100,2.33,overcast clouds
580,Nyuksenitsa,RU,60.4128,44.2397,39.33,99,100,3.42,overcast clouds
581,Canoinhas,BR,-26.1772,-50.39,58.89,80,100,1.07,overcast clouds
582,Albanel,CA,48.8832,-72.4487,50.27,98,100,10.89,overcast clouds
583,Acacias,CO,3.987,-73.758,74.01,95,99,1.16,overcast clouds
584,Cooma,AU,-36.2333,149.1333,45.21,92,86,2.3,overcast clouds
585,Lagoa,PT,39.05,-27.9833,61.92,82,96,17.31,overcast clouds
586,Grand-Lahou,CI,5.1367,-5.0242,78.28,84,92,7.07,overcast clouds
587,Kamaishi,JP,39.2667,141.8833,60.69,97,100,13.6,moderate rain
588,Sidi Ali,DZ,36.0998,0.4206,64.44,61,0,3.67,clear sky
589,Araioses,BR,-2.89,-41.9031,80.58,89,40,9.22,scattered clouds
590,Ucluelet,CA,48.9329,-125.5528,59.31,91,100,9.04,overcast clouds
591,Soe,ID,-9.8607,124.284,65.5,90,100,4.65,overcast clouds
592,Manyana,BW,-23.4,21.7167,59.97,33,0,4.88,clear sky
593,Hammerfest,NO,70.6634,23.6821,54.05,43,0,6.91,clear sky
594,Sao Borja,BR,-28.6606,-56.0044,63.95,95,100,7.49,overcast clouds
595,Evensk,RU,61.95,159.2333,40.62,88,100,2.93,overcast clouds
596,Chake Chake,TZ,-5.2459,39.7666,77.43,82,88,9.22,overcast clouds
597,Mountain Home,US,43.133,-115.6912,85.98,20,100,10.78,overcast clouds
598,Pangnirtung,CA,66.1451,-65.7125,21.2,68,75,8.05,broken clouds
599,Mogadishu,SO,2.0371,45.3438,79.03,87,100,16.26,overcast clouds
600,Ponta Delgada,PT,37.7333,-25.6667,63.32,82,75,8.05,broken clouds
601,Emborion,GR,40.4833,21.55,70.16,58,62,2.13,broken clouds
602,Santa,PH,17.486,120.4348,78.4,86,96,4.7,overcast clouds
603,Asosa,ET,10.0667,34.5333,67.08,65,95,1.88,overcast clouds
604,Mayor Pablo Lagerenza,PY,-19.9309,-60.7718,66.22,96,100,7.78,overcast clouds
605,Sasina,BA,44.7987,16.739,60.78,95,42,1.83,scattered clouds
606,Kamenka,RU,51.3223,42.7678,52.18,93,100,20.49,overcast clouds
607,Bitung,ID,1.4451,125.1824,76.05,81,100,4.85,overcast clouds
608,Nanchang,CN,28.6833,115.8833,67.28,93,99,2.24,overcast clouds
609,Kearney,US,40.6995,-99.0815,75.33,38,0,14.97,clear sky
610,Baragaon,IN,25.4333,82.8167,87.39,27,19,5.46,few clouds
611,Baragua,CU,21.6967,-78.6328,86.43,50,48,10.67,scattered clouds
612,Sarh,TD,9.1429,18.3923,83.97,47,16,7.16,few clouds
613,Xining,CN,36.6167,101.7667,53.55,69,100,2.1,light rain
614,Belmonte,BR,-15.8631,-38.8828,73.04,71,22,8.77,few clouds
615,Rio Verde De Mato Grosso,BR,-18.9181,-54.8442,77.5,38,99,3.02,overcast clouds
616,Yuncheng,CN,35.0231,110.9928,67.89,51,100,4.23,overcast clouds
617,Half Moon Bay,US,37.4636,-122.4286,78.89,71,100,16.11,overcast clouds
618,Qobustan,AZ,40.0824,49.412,60.39,75,3,4.99,clear sky
619,Meadow Lake,US,34.8014,-106.5436,90.28,7,0,6.49,clear sky
620,Plettenberg Bay,ZA,-34.0527,23.3716,56.89,86,10,2.06,clear sky
621,Kagalnik,RU,47.0769,39.323,61.72,69,100,9.26,overcast clouds
622,Bandarbeyla,SO,9.4942,50.8122,79.86,87,84,20.87,broken clouds
623,Hohhot,CN,40.8106,111.6522,48.49,34,0,2.24,clear sky
624,Port-Gentil,GA,-0.7193,8.7815,75.16,94,20,9.22,few clouds
625,Supe,PE,-10.8,-77.7333,65.75,77,49,10.47,scattered clouds
626,Russellville,US,35.2784,-93.1338,65.98,73,100,15.01,overcast clouds
627,Quelimane,MZ,-17.8786,36.8883,73.35,83,0,3.44,clear sky
628,Lahat,ID,-3.8,103.5333,73.83,91,100,1.34,overcast clouds
629,Staraya Toropa,RU,56.2801,31.6702,44.29,98,24,5.7,few clouds
630,San Rafael,AR,-34.6177,-68.3301,49.23,58,47,7.07,scattered clouds
631,Kloulklubed,PW,7.0419,134.2556,75.7,75,56,12.08,broken clouds
632,Wamba,NG,8.9333,8.6,75.13,86,77,1.95,light rain
633,Wyndham,US,37.6985,-77.6125,73.89,83,100,0.0,overcast clouds
634,Aksarayskiy,RU,46.7924,48.0119,61.3,53,32,7.27,scattered clouds
635,Harper,LR,4.375,-7.7169,78.8,81,89,6.04,overcast clouds
636,Coalinga,US,36.1397,-120.3602,98.04,27,4,18.05,clear sky
637,Cabedelo,BR,-6.9811,-34.8339,75.87,83,15,13.4,few clouds
638,Hamilton,US,39.1834,-84.5333,69.89,93,75,8.05,moderate rain
639,Kathmandu,NP,27.7167,85.3167,59.22,100,75,0.0,broken clouds
640,Raudeberg,NO,61.9875,5.1352,45.86,83,34,15.19,scattered clouds
641,Pereslavl-Zalesskiy,RU,56.7393,38.8563,49.15,97,100,5.01,overcast clouds
642,Honavar,IN,14.2833,74.45,79.77,82,43,3.09,scattered clouds
643,Palmerston,AU,-12.486,130.9833,75.18,77,0,8.05,clear sky
644,Milkovo,RU,54.7167,158.6167,45.01,81,100,1.86,overcast clouds
645,Boundiali,CI,9.5217,-6.4869,77.4,69,13,3.98,light rain
646,Eureka,US,40.8021,-124.1637,81.75,77,100,4.0,overcast clouds
647,Skibbereen,IE,51.55,-9.2667,52.11,84,88,10.02,overcast clouds
648,Kailaras,IN,26.3167,77.6167,88.81,28,7,6.08,clear sky
649,Whitehorse,CA,60.7161,-135.0538,56.01,43,75,5.75,broken clouds
650,Beira,MZ,-19.8436,34.8389,69.89,88,0,6.91,clear sky
651,Rosetta,EG,31.4044,30.4164,70.36,85,0,9.42,clear sky
652,Lipin Bor,RU,60.2622,37.9763,39.92,85,19,5.93,few clouds
653,Avera,US,33.194,-82.5271,72.91,88,100,6.91,light rain
654,Meiganga,CM,6.5167,14.3,64.0,97,100,2.82,light rain
655,Oulu,FI,65.0124,25.4682,48.31,81,0,6.91,clear sky
656,Zemio,CF,5.0314,25.1361,70.02,79,40,2.86,scattered clouds
657,Bolshaya Martynovka,RU,47.271,41.6679,57.78,68,100,6.22,overcast clouds
658,Warri,NG,5.5167,5.75,74.55,95,100,3.38,overcast clouds
659,Dalnerechensk,RU,45.9339,133.7225,55.58,80,33,4.97,light rain
660,Le Vauclin,MQ,14.5452,-60.8388,80.65,78,75,10.36,broken clouds
661,Comodoro Rivadavia,AR,-45.8667,-67.5,39.06,52,0,5.75,clear sky
662,Cockburn Town,TC,21.4612,-71.1419,79.84,72,15,17.69,few clouds
663,Gerash,IR,27.6652,54.1371,78.49,15,0,7.78,clear sky
664,Neveklov,CZ,49.7537,14.5329,59.31,87,46,6.98,scattered clouds
665,Sambava,MG,-14.2667,50.1667,71.46,90,32,6.11,scattered clouds
666,Ulaangom,MN,49.9811,92.0667,63.5,55,86,0.94,overcast clouds
667,Batagay,RU,67.6333,134.6333,31.44,61,98,7.2,overcast clouds
668,Murwillumbah,AU,-28.3167,153.4,66.22,77,40,9.22,scattered clouds
669,Svetlogorsk,BY,52.6333,29.7333,53.89,92,97,12.77,overcast clouds
670,Mozarlandia,BR,-14.7447,-50.5706,75.94,38,5,1.59,clear sky
671,Khorixas,NA,-20.3667,14.9667,63.93,29,0,1.99,clear sky
672,Xichang,CN,27.8964,102.2634,64.44,94,100,0.98,overcast clouds
673,Zabol,AF,32.25,67.25,68.72,12,0,10.63,clear sky
674,Puerto Madryn,AR,-42.7692,-65.0385,45.34,37,0,12.55,clear sky
675,Pachino,IT,36.7186,15.0907,70.5,65,100,11.23,overcast clouds
676,Ajaccio,FR,42.0,8.9167,64.45,88,0,4.61,clear sky
677,Merritt Island,US,28.5392,-80.672,87.19,69,0,18.41,clear sky
678,Emerald,AU,-23.5333,148.1667,62.35,89,0,8.77,clear sky
679,Wuchang,CN,44.9143,127.15,50.05,87,42,3.96,scattered clouds
